Country,ISO3.Code,LAT,LON,MeanConsumPP,Pop.1992,Pop.1993,Pop.1994,Pop.1995,Pop.1996,Pop.1997,Pop.1998,Pop.1999,Pop.2000,Pop.2001,Pop.2002,Pop.2003,Pop.2004,Pop.2005,Pop.2006,Pop.2007,Pop.2008,Pop.2009,Pop.2010,Pop.2011,Pop.2012,Pop.2013
Southern Africa,ZAF,-28.9621061911244,25.1173962123943,0.0564671061397051,44189.237,45299.058,46372.799,47374.567,48291.099,49133.904,49922.387,50687.2,51451.328,52218.951,52984.327,53748.946,54512.462,55274.466,56035.94,56797.694,57558.324,58315.545,59066.802,59812.547,60550.766,61273.413
Northern America,CAN,57.7487688035733,-101.569822125212,0.0857822490326087,28477.681,28805.109,29120.318,29424.282,29716.069,29996.515,30270.891,30546.31,30828.383,31118.265,31415.973,31724.445,32046.768,32384.669,32739.719,33110.326,33490.94,33873.8,34252.947,34626.198,34993.949,35355.925
South America,BRA,-10.8067736434989,-53.0543400357671,0.0551006834207426,308389.69,313572.482,318741.527,323918.586,329106.008,334294.265,339478.151,344648.597,349795.657,354923.548,360025.582,365067.675,370005.544,374809.128,379461.208,383973.95,388383.075,392740.928,397085.003,401425.855,405750.423,410043.907
Central Asia,UZB,41.7486026646522,63.2036395282317,0.156487202534091,51731.996,52266.04,52741.31,53177.844,53578.655,53947.941,54309.336,54691.748,55117.412,55597.878,56134.21,56724.645,57362.5,58042.955,58763.823,59528.136,60341.336,61210.695,62138.646,63127.124,64166.006,65230.587
Eastern Europe,POL,52.1482602193319,19.3110143084487,0.114231918834952,162363.834,162134.392,161772.217,161276.087,160643.886,159892.592,159064.445,158215.067,157387.554,156598.48,155847.81,155141.056,154478.388,153859.416,153288.624,152768.511,152292.557,151850.576,151433.065,151038.495,150662.837,150290.728
Northern Europe,GBR,53.8833587148482,-2.65799297938563,0.0921317446489857,92514.31,92727.443,92937.549,93153.316,93378.806,93614.543,93862.081,94122.212,94397.434,94682.917,94983.946,95324.544,95736.247,96238.537,96844.364,97539.012,98280.147,99008.676,99682.18,100283.755,100825.615,101329.969
Western Europe,NLD,52.2987003744418,5.5122171009654,0.0861895801744479,177828.231,178978.872,180029.792,180909.224,181582.198,182072.919,182442.518,182783.409,183163.439,183603.095,184083.756,184587.866,185084.142,185551.556,185983.792,186395.182,186808.99,187257.437,187761.522,188331.187,188953.368,189597.803
Oceania,NZL,-43.9858177329728,170.513011374997,0.0576318510959816,27814.398,28232.784,28646.227,29053.844,29455.8,29854.144,30252.441,30655.472,31067.62,31488.052,31918.387,32368.119,32849.296,33369.472,33933.089,34534.965,35160.97,35791.193,36410.779,37014.521,37605.014,38184.666
Russian Federation,RUS,61.6925647074082,99.2165267869251,0.131836212639502,148322.473,148435.811,148416.292,148293.265,148078.355,147772.805,147385.44,146924.174,146400.951,145818.121,145195.521,144583.147,144043.914,143622.566,143338.407,143180.249,143123.163,143126.66,143158.099,143211.476,143287.536,143367.341
India,IND,22.9250064074085,79.5937037632538,0.0590719791149851,906461.358,924475.633,942604.211,960874.982,979290.432,997817.25,1016402.907,1034976.626,1053481.072,1071888.19,1090189.358,1108369.577,1126419.321,1144326.293,1162088.305,1179685.631,1197070.109,1214182.182,1230984.504,1247446.011,1263589.639,1279498.874
Pakistan,PAK,29.9734600255474,69.4139980631813,0.122467278822255,113616.165,116579.605,119564.925,122599.749,125697.651,128845.692,132013.68,135158.132,138250.487,141282.077,144271.586,147251.53,150267.989,153356.383,156524.189,159767.672,163096.985,166520.983,170043.918,173669.648,177392.252,181192.646
United States of America,USA,39.5015541259931,-99.0602406280213,0.0854010461113738,257908.206,260527.42,263301.323,266275.528,269483.224,272882.865,276354.096,279730.801,282895.741,285796.198,288470.847,291005.482,293530.886,296139.635,298860.519,301655.953,304473.143,307231.961,309876.17,312390.368,314799.465,317135.919
China,CPR,36.6094323800447,103.865365256658,0.0712029964691403,1215354.086,1230141.902,1243489.218,1255539.959,1266227.485,1275559.088,1283869.624,1291608.778,1299125.425,1306557.807,1313904.22,1321200.821,1328438.559,1335615.303,1342766.01,1349939.21,1357150.247,1364405.672,1371697.338,1379024.158,1386350.019,1393582.949
Eastern Africa,ETH,8.65399918813263,39.5512557929378,0.0170344288204779,208775.07,214020.115,219485.381,225309.503,231547.883,238160.091,245073.029,252170.747,259372.541,266660.507,274075.583,281665.835,289502.069,297636.467,306080.423,314819.98,323851.029,333162.13,342742.625,352593.266,362712.007,373080.59
Middle Africa,AGO,-12.2915534387057,17.5029119215871,0.00956911667671179,75910.792,78610.239,81291.223,83875.087,86328.754,88689.651,91036.213,93482.823,96113.261,98952.774,101979.231,105171.79,108492.374,111912.892,115431.961,119060.919,122798.422,126644.314,130598.289,134658.449,138823.135,143092.848
Northern Africa,EGY,26.5066199997495,29.8444615131244,0.135962045689666,147220.957,150752.999,154175.827,157438.162,160517.977,163440.177,166259.481,169055.865,171890.851,174786.702,177738.19,180747.117,183807.194,186917.286,190076.359,193300.082,196622.143,200085.369,203716.733,207527.833,211499.571,215589.056
Western Africa,NGA,9.54831841820997,7.99512775408979,0.0158111189148508,190392.612,195636.228,200984.782,206419.067,211937.388,217555.401,223293.115,229178.389,235235.168,241469.773,247888.508,254515.358,261378.301,268497.834,275883.162,283532.323,291439.529,299593.177,307982.413,316608.328,325467.852,334540.214
Central America,MEX,23.9353719022448,-102.576349523987,0.0353765921959426,119659.242,122120.744,124584.437,127032.42,129467.989,131889.57,134269.531,136573.182,138780.471,140871.756,142865.681,144827.486,146847.412,148988.548,151275.841,153685.539,156172.051,158666.293,161117.094,163510.619,165859.736,168171.56
Caribbean,CUB,21.6317515410252,-78.9606849097026,0.0357101488109168,35090.589,35527.572,35956.082,36374.921,36783.345,37181.16,37568.521,37945.896,38313.82,38672.417,39022.012,39363.641,39698.643,40028.199,40352.226,40671.156,40987.22,41303.22,41620.899,41941.463,42263.723,42583.989
Eastern Asia,JPN,36.019075365944,136.881947315984,0.0435311560362988,189970.115,191119.51,192203.115,193198.007,194095.244,194908.883,195666.546,196407.269,197158.601,197929.792,198710.644,199485.353,200229.452,200924.388,201566.6,202159.798,202701.237,203189.298,203623.006,204000.025,204319.964,204586.599
Southern Asia,IRN,32.5189173176254,54.2854514968914,0.0694502265299235,221134.689,226082.141,231003.626,235921.229,240823.665,245693.578,250539.769,255374.723,260201.202,265041.849,269878.815,274627.018,279172.152,283441.426,287389.867,291065.511,294602.659,298190.191,301962.4,305964.875,310152.07,314455.027
South-Eastern Asia,IDN,-0.254301557222141,114.022683532525,0.0161606008457714,462477.155,470688.178,478813.995,486881.244,494890.887,502830.092,510695.388,518480.478,526178.808,533808.089,541368.197,548814.978,556088.758,563156.681,569985.012,576612.861,583168.343,589826.508,596707.855,603860.448,611233.05,618723.699
Western Asia,IRQ,33.0368223410367,43.7569114187134,0.131654479011749,155736.679,159384.458,163030.523,166655.663,170262.396,173871.079,177503.526,181189.328,184956.825,188792.168,192706.993,196783.607,201128.364,205806.355,210853.689,216217.924,221764.675,227306.425,232702.72,237909.741,242950,247831.208
Southern Europe,ITA,43.472476107586,12.2194764873985,0.118784492784057,143775.711,143926.645,144049.194,144146.548,144207.109,144250.9,144349.709,144597.977,145058.07,145751.333,146642.39,147664.648,148721.673,149735.395,150697.118,151604.736,152395.585,152996.288,153360.036,153450.662,153292.456,152975.622

